--
-- PostgreSQL database dump
--

-- Dumped from database version 16.6
-- Dumped by pg_dump version 16.6

SET statement_timeout = 0;
SET lock_timeout = 0;
SET idle_in_transaction_session_timeout = 0;
SET client_encoding = 'UTF8';
SET standard_conforming_strings = on;
SELECT pg_catalog.set_config('search_path', '', false);
SET check_function_bodies = false;
SET xmloption = content;
SET client_min_messages = warning;
SET row_security = off;

SET default_tablespace = '';

SET default_table_access_method = heap;

--
-- Name: account_emailaddress; Type: TABLE; Schema: public; Owner: suho
--

CREATE TABLE public.account_emailaddress (
    id integer NOT NULL,
    email character varying(254) NOT NULL,
    verified boolean NOT NULL,
    "primary" boolean NOT NULL,
    user_id bigint NOT NULL
);


ALTER TABLE public.account_emailaddress OWNER TO suho;

--
-- Name: account_emailaddress_id_seq; Type: SEQUENCE; Schema: public; Owner: suho
--

ALTER TABLE public.account_emailaddress ALTER COLUMN id ADD GENERATED BY DEFAULT AS IDENTITY (
    SEQUENCE NAME public.account_emailaddress_id_seq
    START WITH 1
    INCREMENT BY 1
    NO MINVALUE
    NO MAXVALUE
    CACHE 1
);


--
-- Name: account_emailconfirmation; Type: TABLE; Schema: public; Owner: suho
--

CREATE TABLE public.account_emailconfirmation (
    id integer NOT NULL,
    created timestamp with time zone NOT NULL,
    sent timestamp with time zone,
    key character varying(64) NOT NULL,
    email_address_id integer NOT NULL
);


ALTER TABLE public.account_emailconfirmation OWNER TO suho;

--
-- Name: account_emailconfirmation_id_seq; Type: SEQUENCE; Schema: public; Owner: suho
--

ALTER TABLE public.account_emailconfirmation ALTER COLUMN id ADD GENERATED BY DEFAULT AS IDENTITY (
    SEQUENCE NAME public.account_emailconfirmation_id_seq
    START WITH 1
    INCREMENT BY 1
    NO MINVALUE
    NO MAXVALUE
    CACHE 1
);


--
-- Name: accounts_category; Type: TABLE; Schema: public; Owner: suho
--

CREATE TABLE public.accounts_category (
    id bigint NOT NULL,
    name character varying(100) NOT NULL
);


ALTER TABLE public.accounts_category OWNER TO suho;

--
-- Name: accounts_category_id_seq; Type: SEQUENCE; Schema: public; Owner: suho
--

ALTER TABLE public.accounts_category ALTER COLUMN id ADD GENERATED BY DEFAULT AS IDENTITY (
    SEQUENCE NAME public.accounts_category_id_seq
    START WITH 1
    INCREMENT BY 1
    NO MINVALUE
    NO MAXVALUE
    CACHE 1
);


--
-- Name: accounts_user; Type: TABLE; Schema: public; Owner: suho
--

CREATE TABLE public.accounts_user (
    id bigint NOT NULL,
    password character varying(128) NOT NULL,
    last_login timestamp with time zone,
    is_superuser boolean NOT NULL,
    username character varying(150) NOT NULL,
    first_name character varying(150),
    last_name character varying(150),
    email character varying(254),
    is_staff boolean NOT NULL,
    is_active boolean NOT NULL,
    date_joined timestamp with time zone NOT NULL,
    birthday date,
    gender character varying(10),
    introduction text,
    nickname character varying(150),
    phone_number character varying(11) NOT NULL,
    connected_social_providers jsonb NOT NULL,
    is_social_connected boolean NOT NULL,
    default_social_provider character varying(50)
);


ALTER TABLE public.accounts_user OWNER TO suho;

--
-- Name: accounts_user_categories; Type: TABLE; Schema: public; Owner: suho
--

CREATE TABLE public.accounts_user_categories (
    id bigint NOT NULL,
    user_id bigint NOT NULL,
    category_id bigint NOT NULL
);


ALTER TABLE public.accounts_user_categories OWNER TO suho;

--
-- Name: accounts_user_categories_id_seq; Type: SEQUENCE; Schema: public; Owner: suho
--

ALTER TABLE public.accounts_user_categories ALTER COLUMN id ADD GENERATED BY DEFAULT AS IDENTITY (
    SEQUENCE NAME public.accounts_user_categories_id_seq
    START WITH 1
    INCREMENT BY 1
    NO MINVALUE
    NO MAXVALUE
    CACHE 1
);


--
-- Name: accounts_user_groups; Type: TABLE; Schema: public; Owner: suho
--

CREATE TABLE public.accounts_user_groups (
    id bigint NOT NULL,
    user_id bigint NOT NULL,
    group_id integer NOT NULL
);


ALTER TABLE public.accounts_user_groups OWNER TO suho;

--
-- Name: accounts_user_groups_id_seq; Type: SEQUENCE; Schema: public; Owner: suho
--

ALTER TABLE public.accounts_user_groups ALTER COLUMN id ADD GENERATED BY DEFAULT AS IDENTITY (
    SEQUENCE NAME public.accounts_user_groups_id_seq
    START WITH 1
    INCREMENT BY 1
    NO MINVALUE
    NO MAXVALUE
    CACHE 1
);


--
-- Name: accounts_user_id_seq; Type: SEQUENCE; Schema: public; Owner: suho
--

ALTER TABLE public.accounts_user ALTER COLUMN id ADD GENERATED BY DEFAULT AS IDENTITY (
    SEQUENCE NAME public.accounts_user_id_seq
    START WITH 1
    INCREMENT BY 1
    NO MINVALUE
    NO MAXVALUE
    CACHE 1
);


--
-- Name: accounts_user_user_permissions; Type: TABLE; Schema: public; Owner: suho
--

CREATE TABLE public.accounts_user_user_permissions (
    id bigint NOT NULL,
    user_id bigint NOT NULL,
    permission_id integer NOT NULL
);


ALTER TABLE public.accounts_user_user_permissions OWNER TO suho;

--
-- Name: accounts_user_user_permissions_id_seq; Type: SEQUENCE; Schema: public; Owner: suho
--

ALTER TABLE public.accounts_user_user_permissions ALTER COLUMN id ADD GENERATED BY DEFAULT AS IDENTITY (
    SEQUENCE NAME public.accounts_user_user_permissions_id_seq
    START WITH 1
    INCREMENT BY 1
    NO MINVALUE
    NO MAXVALUE
    CACHE 1
);


--
-- Name: auth_group; Type: TABLE; Schema: public; Owner: suho
--

CREATE TABLE public.auth_group (
    id integer NOT NULL,
    name character varying(150) NOT NULL
);


ALTER TABLE public.auth_group OWNER TO suho;

--
-- Name: auth_group_id_seq; Type: SEQUENCE; Schema: public; Owner: suho
--

ALTER TABLE public.auth_group ALTER COLUMN id ADD GENERATED BY DEFAULT AS IDENTITY (
    SEQUENCE NAME public.auth_group_id_seq
    START WITH 1
    INCREMENT BY 1
    NO MINVALUE
    NO MAXVALUE
    CACHE 1
);


--
-- Name: auth_group_permissions; Type: TABLE; Schema: public; Owner: suho
--

CREATE TABLE public.auth_group_permissions (
    id bigint NOT NULL,
    group_id integer NOT NULL,
    permission_id integer NOT NULL
);


ALTER TABLE public.auth_group_permissions OWNER TO suho;

--
-- Name: auth_group_permissions_id_seq; Type: SEQUENCE; Schema: public; Owner: suho
--

ALTER TABLE public.auth_group_permissions ALTER COLUMN id ADD GENERATED BY DEFAULT AS IDENTITY (
    SEQUENCE NAME public.auth_group_permissions_id_seq
    START WITH 1
    INCREMENT BY 1
    NO MINVALUE
    NO MAXVALUE
    CACHE 1
);


--
-- Name: auth_permission; Type: TABLE; Schema: public; Owner: suho
--

CREATE TABLE public.auth_permission (
    id integer NOT NULL,
    name character varying(255) NOT NULL,
    content_type_id integer NOT NULL,
    codename character varying(100) NOT NULL
);


ALTER TABLE public.auth_permission OWNER TO suho;

--
-- Name: auth_permission_id_seq; Type: SEQUENCE; Schema: public; Owner: suho
--

ALTER TABLE public.auth_permission ALTER COLUMN id ADD GENERATED BY DEFAULT AS IDENTITY (
    SEQUENCE NAME public.auth_permission_id_seq
    START WITH 1
    INCREMENT BY 1
    NO MINVALUE
    NO MAXVALUE
    CACHE 1
);


--
-- Name: django_admin_log; Type: TABLE; Schema: public; Owner: suho
--

CREATE TABLE public.django_admin_log (
    id integer NOT NULL,
    action_time timestamp with time zone NOT NULL,
    object_id text,
    object_repr character varying(200) NOT NULL,
    action_flag smallint NOT NULL,
    change_message text NOT NULL,
    content_type_id integer,
    user_id bigint NOT NULL,
    CONSTRAINT django_admin_log_action_flag_check CHECK ((action_flag >= 0))
);


ALTER TABLE public.django_admin_log OWNER TO suho;

--
-- Name: django_admin_log_id_seq; Type: SEQUENCE; Schema: public; Owner: suho
--

ALTER TABLE public.django_admin_log ALTER COLUMN id ADD GENERATED BY DEFAULT AS IDENTITY (
    SEQUENCE NAME public.django_admin_log_id_seq
    START WITH 1
    INCREMENT BY 1
    NO MINVALUE
    NO MAXVALUE
    CACHE 1
);


--
-- Name: django_content_type; Type: TABLE; Schema: public; Owner: suho
--

CREATE TABLE public.django_content_type (
    id integer NOT NULL,
    app_label character varying(100) NOT NULL,
    model character varying(100) NOT NULL
);


ALTER TABLE public.django_content_type OWNER TO suho;

--
-- Name: django_content_type_id_seq; Type: SEQUENCE; Schema: public; Owner: suho
--

ALTER TABLE public.django_content_type ALTER COLUMN id ADD GENERATED BY DEFAULT AS IDENTITY (
    SEQUENCE NAME public.django_content_type_id_seq
    START WITH 1
    INCREMENT BY 1
    NO MINVALUE
    NO MAXVALUE
    CACHE 1
);


--
-- Name: django_migrations; Type: TABLE; Schema: public; Owner: suho
--

CREATE TABLE public.django_migrations (
    id bigint NOT NULL,
    app character varying(255) NOT NULL,
    name character varying(255) NOT NULL,
    applied timestamp with time zone NOT NULL
);


ALTER TABLE public.django_migrations OWNER TO suho;

--
-- Name: django_migrations_id_seq; Type: SEQUENCE; Schema: public; Owner: suho
--

ALTER TABLE public.django_migrations ALTER COLUMN id ADD GENERATED BY DEFAULT AS IDENTITY (
    SEQUENCE NAME public.django_migrations_id_seq
    START WITH 1
    INCREMENT BY 1
    NO MINVALUE
    NO MAXVALUE
    CACHE 1
);


--
-- Name: django_session; Type: TABLE; Schema: public; Owner: suho
--

CREATE TABLE public.django_session (
    session_key character varying(40) NOT NULL,
    session_data text NOT NULL,
    expire_date timestamp with time zone NOT NULL
);


ALTER TABLE public.django_session OWNER TO suho;

--
-- Name: django_site; Type: TABLE; Schema: public; Owner: suho
--

CREATE TABLE public.django_site (
    id integer NOT NULL,
    domain character varying(100) NOT NULL,
    name character varying(50) NOT NULL
);


ALTER TABLE public.django_site OWNER TO suho;

--
-- Name: django_site_id_seq; Type: SEQUENCE; Schema: public; Owner: suho
--

ALTER TABLE public.django_site ALTER COLUMN id ADD GENERATED BY DEFAULT AS IDENTITY (
    SEQUENCE NAME public.django_site_id_seq
    START WITH 1
    INCREMENT BY 1
    NO MINVALUE
    NO MAXVALUE
    CACHE 1
);


--
-- Name: socialaccount_socialaccount; Type: TABLE; Schema: public; Owner: suho
--

CREATE TABLE public.socialaccount_socialaccount (
    id integer NOT NULL,
    provider character varying(200) NOT NULL,
    uid character varying(191) NOT NULL,
    last_login timestamp with time zone NOT NULL,
    date_joined timestamp with time zone NOT NULL,
    extra_data jsonb NOT NULL,
    user_id bigint NOT NULL
);


ALTER TABLE public.socialaccount_socialaccount OWNER TO suho;

--
-- Name: socialaccount_socialaccount_id_seq; Type: SEQUENCE; Schema: public; Owner: suho
--

ALTER TABLE public.socialaccount_socialaccount ALTER COLUMN id ADD GENERATED BY DEFAULT AS IDENTITY (
    SEQUENCE NAME public.socialaccount_socialaccount_id_seq
    START WITH 1
    INCREMENT BY 1
    NO MINVALUE
    NO MAXVALUE
    CACHE 1
);


--
-- Name: socialaccount_socialapp; Type: TABLE; Schema: public; Owner: suho
--

CREATE TABLE public.socialaccount_socialapp (
    id integer NOT NULL,
    provider character varying(30) NOT NULL,
    name character varying(40) NOT NULL,
    client_id character varying(191) NOT NULL,
    secret character varying(191) NOT NULL,
    key character varying(191) NOT NULL,
    provider_id character varying(200) NOT NULL,
    settings jsonb NOT NULL
);


ALTER TABLE public.socialaccount_socialapp OWNER TO suho;

--
-- Name: socialaccount_socialapp_id_seq; Type: SEQUENCE; Schema: public; Owner: suho
--

ALTER TABLE public.socialaccount_socialapp ALTER COLUMN id ADD GENERATED BY DEFAULT AS IDENTITY (
    SEQUENCE NAME public.socialaccount_socialapp_id_seq
    START WITH 1
    INCREMENT BY 1
    NO MINVALUE
    NO MAXVALUE
    CACHE 1
);


--
-- Name: socialaccount_socialapp_sites; Type: TABLE; Schema: public; Owner: suho
--

CREATE TABLE public.socialaccount_socialapp_sites (
    id bigint NOT NULL,
    socialapp_id integer NOT NULL,
    site_id integer NOT NULL
);


ALTER TABLE public.socialaccount_socialapp_sites OWNER TO suho;

--
-- Name: socialaccount_socialapp_sites_id_seq; Type: SEQUENCE; Schema: public; Owner: suho
--

ALTER TABLE public.socialaccount_socialapp_sites ALTER COLUMN id ADD GENERATED BY DEFAULT AS IDENTITY (
    SEQUENCE NAME public.socialaccount_socialapp_sites_id_seq
    START WITH 1
    INCREMENT BY 1
    NO MINVALUE
    NO MAXVALUE
    CACHE 1
);


--
-- Name: socialaccount_socialtoken; Type: TABLE; Schema: public; Owner: suho
--

CREATE TABLE public.socialaccount_socialtoken (
    id integer NOT NULL,
    token text NOT NULL,
    token_secret text NOT NULL,
    expires_at timestamp with time zone,
    account_id integer NOT NULL,
    app_id integer
);


ALTER TABLE public.socialaccount_socialtoken OWNER TO suho;

--
-- Name: socialaccount_socialtoken_id_seq; Type: SEQUENCE; Schema: public; Owner: suho
--

ALTER TABLE public.socialaccount_socialtoken ALTER COLUMN id ADD GENERATED BY DEFAULT AS IDENTITY (
    SEQUENCE NAME public.socialaccount_socialtoken_id_seq
    START WITH 1
    INCREMENT BY 1
    NO MINVALUE
    NO MAXVALUE
    CACHE 1
);


--
-- Name: socials_customsocialaccount; Type: TABLE; Schema: public; Owner: suho
--

CREATE TABLE public.socials_customsocialaccount (
    id bigint NOT NULL,
    provider character varying(50) NOT NULL,
    uid character varying(255) NOT NULL,
    created_at timestamp with time zone NOT NULL,
    updated_at timestamp with time zone NOT NULL,
    user_id bigint NOT NULL
);


ALTER TABLE public.socials_customsocialaccount OWNER TO suho;

--
-- Name: socials_customsocialaccount_id_seq; Type: SEQUENCE; Schema: public; Owner: suho
--

ALTER TABLE public.socials_customsocialaccount ALTER COLUMN id ADD GENERATED BY DEFAULT AS IDENTITY (
    SEQUENCE NAME public.socials_customsocialaccount_id_seq
    START WITH 1
    INCREMENT BY 1
    NO MINVALUE
    NO MAXVALUE
    CACHE 1
);


--
-- Name: token_blacklist_blacklistedtoken; Type: TABLE; Schema: public; Owner: suho
--

CREATE TABLE public.token_blacklist_blacklistedtoken (
    id bigint NOT NULL,
    blacklisted_at timestamp with time zone NOT NULL,
    token_id bigint NOT NULL
);


ALTER TABLE public.token_blacklist_blacklistedtoken OWNER TO suho;

--
-- Name: token_blacklist_blacklistedtoken_id_seq; Type: SEQUENCE; Schema: public; Owner: suho
--

ALTER TABLE public.token_blacklist_blacklistedtoken ALTER COLUMN id ADD GENERATED BY DEFAULT AS IDENTITY (
    SEQUENCE NAME public.token_blacklist_blacklistedtoken_id_seq
    START WITH 1
    INCREMENT BY 1
    NO MINVALUE
    NO MAXVALUE
    CACHE 1
);


--
-- Name: token_blacklist_outstandingtoken; Type: TABLE; Schema: public; Owner: suho
--

CREATE TABLE public.token_blacklist_outstandingtoken (
    id bigint NOT NULL,
    token text NOT NULL,
    created_at timestamp with time zone,
    expires_at timestamp with time zone NOT NULL,
    user_id bigint,
    jti character varying(255) NOT NULL
);


ALTER TABLE public.token_blacklist_outstandingtoken OWNER TO suho;

--
-- Name: token_blacklist_outstandingtoken_id_seq; Type: SEQUENCE; Schema: public; Owner: suho
--

ALTER TABLE public.token_blacklist_outstandingtoken ALTER COLUMN id ADD GENERATED BY DEFAULT AS IDENTITY (
    SEQUENCE NAME public.token_blacklist_outstandingtoken_id_seq
    START WITH 1
    INCREMENT BY 1
    NO MINVALUE
    NO MAXVALUE
    CACHE 1
);


--
-- Data for Name: account_emailaddress; Type: TABLE DATA; Schema: public; Owner: suho
--

COPY public.account_emailaddress (id, email, verified, "primary", user_id) FROM stdin;
1	suhoyn5@gmail.com	f	t	6
\.


--
-- Data for Name: account_emailconfirmation; Type: TABLE DATA; Schema: public; Owner: suho
--

COPY public.account_emailconfirmation (id, created, sent, key, email_address_id) FROM stdin;
\.


--
-- Data for Name: accounts_category; Type: TABLE DATA; Schema: public; Owner: suho
--

COPY public.accounts_category (id, name) FROM stdin;
8	Sport
7	Art
6	Politics
5	Health
4	Science
3	Business
2	Technology
1	Main
\.


--
-- Data for Name: accounts_user; Type: TABLE DATA; Schema: public; Owner: suho
--

COPY public.accounts_user (id, password, last_login, is_superuser, username, first_name, last_name, email, is_staff, is_active, date_joined, birthday, gender, introduction, nickname, phone_number, connected_social_providers, is_social_connected, default_social_provider) FROM stdin;
1	pbkdf2_sha256$870000$Dng6uCiGXsGDgZByII66Cn$P85lddThsPi6VsyvLUqQx42SdWsHrnDLWGG6wmCvwF0=	\N	t	admin	\N	\N		t	t	2025-01-07 15:42:48.369212+09	\N	\N	\N	\N	01000001111	[]	f	\N
2	pbkdf2_sha256$870000$nZwedfxFTVU2Kk2VNRV8FA$RyIpY5WtO422u9RlQAtEA1d1NLFem7ce+CP6EFeqjqU=	\N	f	docker3	\N	\N	\N	f	t	2025-01-07 16:07:54.531574+09	\N	\N	\N	\N	01022223335	[]	f	\N
3	pbkdf2_sha256$870000$rIPiabBjK73f3A2Z8GwDzH$xZvW1EtVF4zuY2I26/zeu6JLJzhHiEblyekqoFZNDTg=	\N	f	docker1	\N	\N	\N	f	t	2025-01-07 16:08:20.955972+09	\N	\N	\N	\N	01022223333	[]	f	\N
4	pbkdf2_sha256$870000$h8viwrw4gsuT18ZBQMvGjC$HpsE/1IcL1qJiAs2Jg2pvNyhJ1idC26yBjZGaC2eDos=	\N	f	suho	\N	\N	\N	f	t	2025-01-07 16:09:31.090077+09	\N	\N	\N	\N	01011112222	[]	f	\N
5	pbkdf2_sha256$870000$RPTZKYx0FeMepDWR1lrQRS$dHb+nIF7rF8lzy4mzLDWZ0ULEUlnP4cxnc3mMZuXoYI=	\N	f	newuser	\N	\N	\N	f	t	2025-01-07 16:11:29.377877+09	\N	\N	\N	\N	01012345678	["kakao"]	t	\N
6	pbkdf2_sha256$870000$8Vt5YkPEFAXxOmQcNNPODh$Z8CYRaAO21CTqbhtbf09M1ExzuTK/ZsWa+LMfhPZbyY=	2025-01-07 16:14:28.001602+09	f	suhosuho			suhoyn5@gmail.com	f	t	2025-01-07 16:14:17.716+09	\N	\N	\N	\N		["kakao"]	t	\N
\.


--
-- Data for Name: accounts_user_categories; Type: TABLE DATA; Schema: public; Owner: suho
--

COPY public.accounts_user_categories (id, user_id, category_id) FROM stdin;
1	2	3
2	3	3
3	4	1
4	5	1
5	5	2
6	5	3
\.


--
-- Data for Name: accounts_user_groups; Type: TABLE DATA; Schema: public; Owner: suho
--

COPY public.accounts_user_groups (id, user_id, group_id) FROM stdin;
\.


--
-- Data for Name: accounts_user_user_permissions; Type: TABLE DATA; Schema: public; Owner: suho
--

COPY public.accounts_user_user_permissions (id, user_id, permission_id) FROM stdin;
\.


--
-- Data for Name: auth_group; Type: TABLE DATA; Schema: public; Owner: suho
--

COPY public.auth_group (id, name) FROM stdin;
\.


--
-- Data for Name: auth_group_permissions; Type: TABLE DATA; Schema: public; Owner: suho
--

COPY public.auth_group_permissions (id, group_id, permission_id) FROM stdin;
\.


--
-- Data for Name: auth_permission; Type: TABLE DATA; Schema: public; Owner: suho
--

COPY public.auth_permission (id, name, content_type_id, codename) FROM stdin;
1	Can add log entry	1	add_logentry
2	Can change log entry	1	change_logentry
3	Can delete log entry	1	delete_logentry
4	Can view log entry	1	view_logentry
5	Can add permission	2	add_permission
6	Can change permission	2	change_permission
7	Can delete permission	2	delete_permission
8	Can view permission	2	view_permission
9	Can add group	3	add_group
10	Can change group	3	change_group
11	Can delete group	3	delete_group
12	Can view group	3	view_group
13	Can add content type	4	add_contenttype
14	Can change content type	4	change_contenttype
15	Can delete content type	4	delete_contenttype
16	Can view content type	4	view_contenttype
17	Can add session	5	add_session
18	Can change session	5	change_session
19	Can delete session	5	delete_session
20	Can view session	5	view_session
21	Can add site	6	add_site
22	Can change site	6	change_site
23	Can delete site	6	delete_site
24	Can view site	6	view_site
25	Can add email address	7	add_emailaddress
26	Can change email address	7	change_emailaddress
27	Can delete email address	7	delete_emailaddress
28	Can view email address	7	view_emailaddress
29	Can add email confirmation	8	add_emailconfirmation
30	Can change email confirmation	8	change_emailconfirmation
31	Can delete email confirmation	8	delete_emailconfirmation
32	Can view email confirmation	8	view_emailconfirmation
33	Can add social account	9	add_socialaccount
34	Can change social account	9	change_socialaccount
35	Can delete social account	9	delete_socialaccount
53	Can add user	14	add_user
36	Can view social account	9	view_socialaccount
37	Can add social application	10	add_socialapp
38	Can change social application	10	change_socialapp
39	Can delete social application	10	delete_socialapp
40	Can view social application	10	view_socialapp
41	Can add social application token	11	add_socialtoken
42	Can change social application token	11	change_socialtoken
43	Can delete social application token	11	delete_socialtoken
44	Can view social application token	11	view_socialtoken
45	Can add blacklisted token	12	add_blacklistedtoken
46	Can change blacklisted token	12	change_blacklistedtoken
47	Can delete blacklisted token	12	delete_blacklistedtoken
48	Can view blacklisted token	12	view_blacklistedtoken
49	Can add outstanding token	13	add_outstandingtoken
50	Can change outstanding token	13	change_outstandingtoken
51	Can delete outstanding token	13	delete_outstandingtoken
52	Can view outstanding token	13	view_outstandingtoken
54	Can change user	14	change_user
55	Can delete user	14	delete_user
56	Can view user	14	view_user
57	Can add category	15	add_category
58	Can change category	15	change_category
59	Can delete category	15	delete_category
60	Can view category	15	view_category
61	Can add custom social account	16	add_customsocialaccount
62	Can change custom social account	16	change_customsocialaccount
63	Can delete custom social account	16	delete_customsocialaccount
64	Can view custom social account	16	view_customsocialaccount
\.


--
-- Data for Name: django_admin_log; Type: TABLE DATA; Schema: public; Owner: suho
--

COPY public.django_admin_log (id, action_time, object_id, object_repr, action_flag, change_message, content_type_id, user_id) FROM stdin;
\.


--
-- Data for Name: django_content_type; Type: TABLE DATA; Schema: public; Owner: suho
--

COPY public.django_content_type (id, app_label, model) FROM stdin;
1	admin	logentry
2	auth	permission
3	auth	group
4	contenttypes	contenttype
5	sessions	session
6	sites	site
7	account	emailaddress
8	account	emailconfirmation
9	socialaccount	socialaccount
10	socialaccount	socialapp
11	socialaccount	socialtoken
12	token_blacklist	blacklistedtoken
13	token_blacklist	outstandingtoken
14	accounts	user
15	accounts	category
16	socials	customsocialaccount
\.


--
-- Data for Name: django_migrations; Type: TABLE DATA; Schema: public; Owner: suho
--

COPY public.django_migrations (id, app, name, applied) FROM stdin;
1	contenttypes	0001_initial	2025-01-07 14:54:51.374805+09
2	contenttypes	0002_remove_content_type_name	2025-01-07 14:54:51.377833+09
3	auth	0001_initial	2025-01-07 14:54:51.402806+09
4	auth	0002_alter_permission_name_max_length	2025-01-07 14:54:51.405805+09
5	auth	0003_alter_user_email_max_length	2025-01-07 14:54:51.408778+09
6	auth	0004_alter_user_username_opts	2025-01-07 14:54:51.410781+09
7	auth	0005_alter_user_last_login_null	2025-01-07 14:54:51.412778+09
8	auth	0006_require_contenttypes_0002	2025-01-07 14:54:51.414105+09
9	auth	0007_alter_validators_add_error_messages	2025-01-07 14:54:51.416127+09
10	auth	0008_alter_user_username_max_length	2025-01-07 14:54:51.419128+09
11	auth	0009_alter_user_last_name_max_length	2025-01-07 14:54:51.422149+09
12	auth	0010_alter_group_name_max_length	2025-01-07 14:54:51.426142+09
13	auth	0011_update_proxy_permissions	2025-01-07 14:54:51.428143+09
14	auth	0012_alter_user_first_name_max_length	2025-01-07 14:54:51.430176+09
15	accounts	0001_initial	2025-01-07 14:54:51.453771+09
16	account	0001_initial	2025-01-07 14:54:51.47277+09
17	account	0002_email_max_length	2025-01-07 14:54:51.476786+09
18	account	0003_alter_emailaddress_create_unique_verified_email	2025-01-07 14:54:51.485772+09
19	account	0004_alter_emailaddress_drop_unique_email	2025-01-07 14:54:51.49477+09
20	account	0005_emailaddress_idx_upper_email	2025-01-07 14:54:51.51837+09
21	account	0006_emailaddress_lower	2025-01-07 14:54:51.538519+09
22	account	0007_emailaddress_idx_email	2025-01-07 14:54:51.548896+09
23	account	0008_emailaddress_unique_primary_email_fixup	2025-01-07 14:54:51.557896+09
24	account	0009_emailaddress_unique_primary_email	2025-01-07 14:54:51.562896+09
25	accounts	0002_user_birthday_user_gender_user_introduction_and_more	2025-01-07 14:54:51.597314+09
26	accounts	0003_alter_user_is_active	2025-01-07 14:54:51.601315+09
27	accounts	0004_alter_user_birthday_alter_user_email_and_more	2025-01-07 14:54:51.630361+09
28	accounts	0005_user_connected_social_providers_and_more	2025-01-07 14:54:51.638358+09
29	accounts	0006_category_user_categories	2025-01-07 14:54:51.670849+09
30	accounts	0007_user_default_social_provider	2025-01-07 14:54:51.674854+09
31	admin	0001_initial	2025-01-07 14:54:51.687838+09
32	admin	0002_logentry_remove_auto_add	2025-01-07 14:54:51.692839+09
33	admin	0003_logentry_add_action_flag_choices	2025-01-07 14:54:51.697854+09
34	sessions	0001_initial	2025-01-07 14:54:51.704925+09
35	sites	0001_initial	2025-01-07 14:54:51.707464+09
36	sites	0002_alter_domain_unique	2025-01-07 14:54:51.711858+09
37	socialaccount	0001_initial	2025-01-07 14:54:51.757698+09
38	socialaccount	0002_token_max_lengths	2025-01-07 14:54:51.76972+09
39	socialaccount	0003_extra_data_default_dict	2025-01-07 14:54:51.774719+09
40	socialaccount	0004_app_provider_id_settings	2025-01-07 14:54:51.786703+09
41	socialaccount	0005_socialtoken_nullable_app	2025-01-07 14:54:51.796954+09
42	socialaccount	0006_alter_socialaccount_extra_data	2025-01-07 14:54:51.807942+09
43	socials	0001_initial	2025-01-07 14:54:51.822721+09
44	socials	0002_customsocialaccount_delete_socialaccount	2025-01-07 14:54:51.853564+09
45	socials	0003_alter_customsocialaccount_unique_together	2025-01-07 14:54:51.859565+09
46	socials	0004_alter_customsocialaccount_uid	2025-01-07 14:54:51.867565+09
47	token_blacklist	0001_initial	2025-01-07 14:54:51.895391+09
48	token_blacklist	0002_outstandingtoken_jti_hex	2025-01-07 14:54:51.901396+09
49	token_blacklist	0003_auto_20171017_2007	2025-01-07 14:54:51.912105+09
50	token_blacklist	0004_auto_20171017_2013	2025-01-07 14:54:51.92112+09
51	token_blacklist	0005_remove_outstandingtoken_jti	2025-01-07 14:54:51.928112+09
52	token_blacklist	0006_auto_20171017_2113	2025-01-07 14:54:51.935241+09
53	token_blacklist	0007_auto_20171017_2214	2025-01-07 14:54:51.950503+09
54	token_blacklist	0008_migrate_to_bigautofield	2025-01-07 14:54:51.98052+09
55	token_blacklist	0010_fix_migrate_to_bigautofield	2025-01-07 14:54:51.996519+09
56	token_blacklist	0011_linearizes_history	2025-01-07 14:54:51.997503+09
57	token_blacklist	0012_alter_outstandingtoken_user	2025-01-07 14:54:52.006519+09
\.


--
-- Data for Name: django_session; Type: TABLE DATA; Schema: public; Owner: suho
--

COPY public.django_session (session_key, session_data, expire_date) FROM stdin;
7ixpmbaj1whnoa9lfd98m5lz4yofjkt6	.eJxVjstOwzAQRf9l1lHk2I7z2FF-AHZQhKyJPSVWjdPGDpso_44L6aLLuefOmVkhTsahR2OmJSQdEyaK0K8wvL9Rm16Ph5fn63hlR-g_VrjMk6GYOfjpywUowGJC6MPifQGXsyFtJkv6h2Z3cjT_k62oGqG4kEyokgsu6-5zK-B-cy9bTd_o_F2mcUmjXiLN2tl8UMFDNqA5U7gB9P4Wl7uu_OvsOJZPeaKQnMHkpnDYtx5UI8Yxe4ZKyoHnTy1ZxkixxnQn1VlZy1rUGUnDDWeNoKptVFW33BCyTjRNa_FUIWy_citvtg:1tV3nI:0AfddTv-Hy6ZMN8AtvY_DPFmBeEvbY2-XjceimJvI70	2025-01-21 16:14:28.005603+09
\.


--
-- Data for Name: django_site; Type: TABLE DATA; Schema: public; Owner: suho
--

COPY public.django_site (id, domain, name) FROM stdin;
1	example.com	example.com
\.


--
-- Data for Name: socialaccount_socialaccount; Type: TABLE DATA; Schema: public; Owner: suho
--

COPY public.socialaccount_socialaccount (id, provider, uid, last_login, date_joined, extra_data, user_id) FROM stdin;
1	kakao	3863582219	2025-01-07 16:14:27.587341+09	2025-01-07 16:14:27.587341+09	{"id": 3863582219, "connected_at": "2025-01-04T06:46:54Z"}	6
\.


--
-- Data for Name: socialaccount_socialapp; Type: TABLE DATA; Schema: public; Owner: suho
--

COPY public.socialaccount_socialapp (id, provider, name, client_id, secret, key, provider_id, settings) FROM stdin;
\.


--
-- Data for Name: socialaccount_socialapp_sites; Type: TABLE DATA; Schema: public; Owner: suho
--

COPY public.socialaccount_socialapp_sites (id, socialapp_id, site_id) FROM stdin;
\.


--
-- Data for Name: socialaccount_socialtoken; Type: TABLE DATA; Schema: public; Owner: suho
--

COPY public.socialaccount_socialtoken (id, token, token_secret, expires_at, account_id, app_id) FROM stdin;
\.


--
-- Data for Name: socials_customsocialaccount; Type: TABLE DATA; Schema: public; Owner: suho
--

COPY public.socials_customsocialaccount (id, provider, uid, created_at, updated_at, user_id) FROM stdin;
1	kakao	newuser123	2025-01-07 16:12:37.556268+09	2025-01-07 16:12:37.556268+09	5
\.


--
-- Data for Name: token_blacklist_blacklistedtoken; Type: TABLE DATA; Schema: public; Owner: suho
--

COPY public.token_blacklist_blacklistedtoken (id, blacklisted_at, token_id) FROM stdin;
\.


--
-- Data for Name: token_blacklist_outstandingtoken; Type: TABLE DATA; Schema: public; Owner: suho
--

COPY public.token_blacklist_outstandingtoken (id, token, created_at, expires_at, user_id, jti) FROM stdin;
1	eyJhbGciOiJIUzI1NiIsInR5cCI6IkpXVCJ9.eyJ0b2tlbl90eXBlIjoicmVmcmVzaCIsImV4cCI6MTczNjMyMDMzMiwiaWF0IjoxNzM2MjMzOTMyLCJqdGkiOiJkZDAwYzI1OGU4MTY0OGY1YTY3MjA5NDRhNzM3ZmZlZiIsInVzZXJfaWQiOjV9.kYbgOj0Qvv0h2XrjooHgbOl6xUGpQ3puiy0xrkR0Bak	2025-01-07 16:12:12.28387+09	2025-01-08 16:12:12+09	5	dd00c258e81648f5a6720944a737ffef
\.


--
-- Name: account_emailaddress_id_seq; Type: SEQUENCE SET; Schema: public; Owner: suho
--

SELECT pg_catalog.setval('public.account_emailaddress_id_seq', 1, true);


--
-- Name: account_emailconfirmation_id_seq; Type: SEQUENCE SET; Schema: public; Owner: suho
--

SELECT pg_catalog.setval('public.account_emailconfirmation_id_seq', 1, false);


--
-- Name: accounts_category_id_seq; Type: SEQUENCE SET; Schema: public; Owner: suho
--

SELECT pg_catalog.setval('public.accounts_category_id_seq', 1, false);


--
-- Name: accounts_user_categories_id_seq; Type: SEQUENCE SET; Schema: public; Owner: suho
--

SELECT pg_catalog.setval('public.accounts_user_categories_id_seq', 6, true);


--
-- Name: accounts_user_groups_id_seq; Type: SEQUENCE SET; Schema: public; Owner: suho
--

SELECT pg_catalog.setval('public.accounts_user_groups_id_seq', 1, false);


--
-- Name: accounts_user_id_seq; Type: SEQUENCE SET; Schema: public; Owner: suho
--

SELECT pg_catalog.setval('public.accounts_user_id_seq', 6, true);


--
-- Name: accounts_user_user_permissions_id_seq; Type: SEQUENCE SET; Schema: public; Owner: suho
--

SELECT pg_catalog.setval('public.accounts_user_user_permissions_id_seq', 1, false);


--
-- Name: auth_group_id_seq; Type: SEQUENCE SET; Schema: public; Owner: suho
--

SELECT pg_catalog.setval('public.auth_group_id_seq', 1, false);


--
-- Name: auth_group_permissions_id_seq; Type: SEQUENCE SET; Schema: public; Owner: suho
--

SELECT pg_catalog.setval('public.auth_group_permissions_id_seq', 1, false);


--
-- Name: auth_permission_id_seq; Type: SEQUENCE SET; Schema: public; Owner: suho
--

SELECT pg_catalog.setval('public.auth_permission_id_seq', 64, true);


--
-- Name: django_admin_log_id_seq; Type: SEQUENCE SET; Schema: public; Owner: suho
--

SELECT pg_catalog.setval('public.django_admin_log_id_seq', 1, false);


--
-- Name: django_content_type_id_seq; Type: SEQUENCE SET; Schema: public; Owner: suho
--

SELECT pg_catalog.setval('public.django_content_type_id_seq', 16, true);


--
-- Name: django_migrations_id_seq; Type: SEQUENCE SET; Schema: public; Owner: suho
--

SELECT pg_catalog.setval('public.django_migrations_id_seq', 57, true);


--
-- Name: django_site_id_seq; Type: SEQUENCE SET; Schema: public; Owner: suho
--

SELECT pg_catalog.setval('public.django_site_id_seq', 1, true);


--
-- Name: socialaccount_socialaccount_id_seq; Type: SEQUENCE SET; Schema: public; Owner: suho
--

SELECT pg_catalog.setval('public.socialaccount_socialaccount_id_seq', 1, true);


--
-- Name: socialaccount_socialapp_id_seq; Type: SEQUENCE SET; Schema: public; Owner: suho
--

SELECT pg_catalog.setval('public.socialaccount_socialapp_id_seq', 1, false);


--
-- Name: socialaccount_socialapp_sites_id_seq; Type: SEQUENCE SET; Schema: public; Owner: suho
--

SELECT pg_catalog.setval('public.socialaccount_socialapp_sites_id_seq', 1, false);


--
-- Name: socialaccount_socialtoken_id_seq; Type: SEQUENCE SET; Schema: public; Owner: suho
--

SELECT pg_catalog.setval('public.socialaccount_socialtoken_id_seq', 1, false);


--
-- Name: socials_customsocialaccount_id_seq; Type: SEQUENCE SET; Schema: public; Owner: suho
--

SELECT pg_catalog.setval('public.socials_customsocialaccount_id_seq', 1, true);


--
-- Name: token_blacklist_blacklistedtoken_id_seq; Type: SEQUENCE SET; Schema: public; Owner: suho
--

SELECT pg_catalog.setval('public.token_blacklist_blacklistedtoken_id_seq', 1, false);


--
-- Name: token_blacklist_outstandingtoken_id_seq; Type: SEQUENCE SET; Schema: public; Owner: suho
--

SELECT pg_catalog.setval('public.token_blacklist_outstandingtoken_id_seq', 1, true);


--
-- Name: account_emailaddress account_emailaddress_pkey; Type: CONSTRAINT; Schema: public; Owner: suho
--

ALTER TABLE ONLY public.account_emailaddress
    ADD CONSTRAINT account_emailaddress_pkey PRIMARY KEY (id);


--
-- Name: account_emailaddress account_emailaddress_user_id_email_987c8728_uniq; Type: CONSTRAINT; Schema: public; Owner: suho
--

ALTER TABLE ONLY public.account_emailaddress
    ADD CONSTRAINT account_emailaddress_user_id_email_987c8728_uniq UNIQUE (user_id, email);


--
-- Name: account_emailconfirmation account_emailconfirmation_key_key; Type: CONSTRAINT; Schema: public; Owner: suho
--

ALTER TABLE ONLY public.account_emailconfirmation
    ADD CONSTRAINT account_emailconfirmation_key_key UNIQUE (key);


--
-- Name: account_emailconfirmation account_emailconfirmation_pkey; Type: CONSTRAINT; Schema: public; Owner: suho
--

ALTER TABLE ONLY public.account_emailconfirmation
    ADD CONSTRAINT account_emailconfirmation_pkey PRIMARY KEY (id);


--
-- Name: accounts_category accounts_category_name_key; Type: CONSTRAINT; Schema: public; Owner: suho
--

ALTER TABLE ONLY public.accounts_category
    ADD CONSTRAINT accounts_category_name_key UNIQUE (name);


--
-- Name: accounts_category accounts_category_pkey; Type: CONSTRAINT; Schema: public; Owner: suho
--

ALTER TABLE ONLY public.accounts_category
    ADD CONSTRAINT accounts_category_pkey PRIMARY KEY (id);


--
-- Name: accounts_user_categories accounts_user_categories_pkey; Type: CONSTRAINT; Schema: public; Owner: suho
--

ALTER TABLE ONLY public.accounts_user_categories
    ADD CONSTRAINT accounts_user_categories_pkey PRIMARY KEY (id);


--
-- Name: accounts_user_categories accounts_user_categories_user_id_category_id_f698b1ff_uniq; Type: CONSTRAINT; Schema: public; Owner: suho
--

ALTER TABLE ONLY public.accounts_user_categories
    ADD CONSTRAINT accounts_user_categories_user_id_category_id_f698b1ff_uniq UNIQUE (user_id, category_id);


--
-- Name: accounts_user accounts_user_email_b2644a56_uniq; Type: CONSTRAINT; Schema: public; Owner: suho
--

ALTER TABLE ONLY public.accounts_user
    ADD CONSTRAINT accounts_user_email_b2644a56_uniq UNIQUE (email);


--
-- Name: accounts_user_groups accounts_user_groups_pkey; Type: CONSTRAINT; Schema: public; Owner: suho
--

ALTER TABLE ONLY public.accounts_user_groups
    ADD CONSTRAINT accounts_user_groups_pkey PRIMARY KEY (id);


--
-- Name: accounts_user_groups accounts_user_groups_user_id_group_id_59c0b32f_uniq; Type: CONSTRAINT; Schema: public; Owner: suho
--

ALTER TABLE ONLY public.accounts_user_groups
    ADD CONSTRAINT accounts_user_groups_user_id_group_id_59c0b32f_uniq UNIQUE (user_id, group_id);


--
-- Name: accounts_user accounts_user_nickname_key; Type: CONSTRAINT; Schema: public; Owner: suho
--

ALTER TABLE ONLY public.accounts_user
    ADD CONSTRAINT accounts_user_nickname_key UNIQUE (nickname);


--
-- Name: accounts_user accounts_user_phone_number_key; Type: CONSTRAINT; Schema: public; Owner: suho
--

ALTER TABLE ONLY public.accounts_user
    ADD CONSTRAINT accounts_user_phone_number_key UNIQUE (phone_number);


--
-- Name: accounts_user accounts_user_pkey; Type: CONSTRAINT; Schema: public; Owner: suho
--

ALTER TABLE ONLY public.accounts_user
    ADD CONSTRAINT accounts_user_pkey PRIMARY KEY (id);


--
-- Name: accounts_user_user_permissions accounts_user_user_permi_user_id_permission_id_2ab516c2_uniq; Type: CONSTRAINT; Schema: public; Owner: suho
--

ALTER TABLE ONLY public.accounts_user_user_permissions
    ADD CONSTRAINT accounts_user_user_permi_user_id_permission_id_2ab516c2_uniq UNIQUE (user_id, permission_id);


--
-- Name: accounts_user_user_permissions accounts_user_user_permissions_pkey; Type: CONSTRAINT; Schema: public; Owner: suho
--

ALTER TABLE ONLY public.accounts_user_user_permissions
    ADD CONSTRAINT accounts_user_user_permissions_pkey PRIMARY KEY (id);


--
-- Name: accounts_user accounts_user_username_key; Type: CONSTRAINT; Schema: public; Owner: suho
--

ALTER TABLE ONLY public.accounts_user
    ADD CONSTRAINT accounts_user_username_key UNIQUE (username);


--
-- Name: auth_group auth_group_name_key; Type: CONSTRAINT; Schema: public; Owner: suho
--

ALTER TABLE ONLY public.auth_group
    ADD CONSTRAINT auth_group_name_key UNIQUE (name);


--
-- Name: auth_group_permissions auth_group_permissions_group_id_permission_id_0cd325b0_uniq; Type: CONSTRAINT; Schema: public; Owner: suho
--

ALTER TABLE ONLY public.auth_group_permissions
    ADD CONSTRAINT auth_group_permissions_group_id_permission_id_0cd325b0_uniq UNIQUE (group_id, permission_id);


--
-- Name: auth_group_permissions auth_group_permissions_pkey; Type: CONSTRAINT; Schema: public; Owner: suho
--

ALTER TABLE ONLY public.auth_group_permissions
    ADD CONSTRAINT auth_group_permissions_pkey PRIMARY KEY (id);


--
-- Name: auth_group auth_group_pkey; Type: CONSTRAINT; Schema: public; Owner: suho
--

ALTER TABLE ONLY public.auth_group
    ADD CONSTRAINT auth_group_pkey PRIMARY KEY (id);


--
-- Name: auth_permission auth_permission_content_type_id_codename_01ab375a_uniq; Type: CONSTRAINT; Schema: public; Owner: suho
--

ALTER TABLE ONLY public.auth_permission
    ADD CONSTRAINT auth_permission_content_type_id_codename_01ab375a_uniq UNIQUE (content_type_id, codename);


--
-- Name: auth_permission auth_permission_pkey; Type: CONSTRAINT; Schema: public; Owner: suho
--

ALTER TABLE ONLY public.auth_permission
    ADD CONSTRAINT auth_permission_pkey PRIMARY KEY (id);


--
-- Name: django_admin_log django_admin_log_pkey; Type: CONSTRAINT; Schema: public; Owner: suho
--

ALTER TABLE ONLY public.django_admin_log
    ADD CONSTRAINT django_admin_log_pkey PRIMARY KEY (id);


--
-- Name: django_content_type django_content_type_app_label_model_76bd3d3b_uniq; Type: CONSTRAINT; Schema: public; Owner: suho
--

ALTER TABLE ONLY public.django_content_type
    ADD CONSTRAINT django_content_type_app_label_model_76bd3d3b_uniq UNIQUE (app_label, model);


--
-- Name: django_content_type django_content_type_pkey; Type: CONSTRAINT; Schema: public; Owner: suho
--

ALTER TABLE ONLY public.django_content_type
    ADD CONSTRAINT django_content_type_pkey PRIMARY KEY (id);


--
-- Name: django_migrations django_migrations_pkey; Type: CONSTRAINT; Schema: public; Owner: suho
--

ALTER TABLE ONLY public.django_migrations
    ADD CONSTRAINT django_migrations_pkey PRIMARY KEY (id);


--
-- Name: django_session django_session_pkey; Type: CONSTRAINT; Schema: public; Owner: suho
--

ALTER TABLE ONLY public.django_session
    ADD CONSTRAINT django_session_pkey PRIMARY KEY (session_key);


--
-- Name: django_site django_site_domain_a2e37b91_uniq; Type: CONSTRAINT; Schema: public; Owner: suho
--

ALTER TABLE ONLY public.django_site
    ADD CONSTRAINT django_site_domain_a2e37b91_uniq UNIQUE (domain);


--
-- Name: django_site django_site_pkey; Type: CONSTRAINT; Schema: public; Owner: suho
--

ALTER TABLE ONLY public.django_site
    ADD CONSTRAINT django_site_pkey PRIMARY KEY (id);


--
-- Name: socialaccount_socialaccount socialaccount_socialaccount_pkey; Type: CONSTRAINT; Schema: public; Owner: suho
--

ALTER TABLE ONLY public.socialaccount_socialaccount
    ADD CONSTRAINT socialaccount_socialaccount_pkey PRIMARY KEY (id);


--
-- Name: socialaccount_socialaccount socialaccount_socialaccount_provider_uid_fc810c6e_uniq; Type: CONSTRAINT; Schema: public; Owner: suho
--

ALTER TABLE ONLY public.socialaccount_socialaccount
    ADD CONSTRAINT socialaccount_socialaccount_provider_uid_fc810c6e_uniq UNIQUE (provider, uid);


--
-- Name: socialaccount_socialapp_sites socialaccount_socialapp__socialapp_id_site_id_71a9a768_uniq; Type: CONSTRAINT; Schema: public; Owner: suho
--

ALTER TABLE ONLY public.socialaccount_socialapp_sites
    ADD CONSTRAINT socialaccount_socialapp__socialapp_id_site_id_71a9a768_uniq UNIQUE (socialapp_id, site_id);


--
-- Name: socialaccount_socialapp socialaccount_socialapp_pkey; Type: CONSTRAINT; Schema: public; Owner: suho
--

ALTER TABLE ONLY public.socialaccount_socialapp
    ADD CONSTRAINT socialaccount_socialapp_pkey PRIMARY KEY (id);


--
-- Name: socialaccount_socialapp_sites socialaccount_socialapp_sites_pkey; Type: CONSTRAINT; Schema: public; Owner: suho
--

ALTER TABLE ONLY public.socialaccount_socialapp_sites
    ADD CONSTRAINT socialaccount_socialapp_sites_pkey PRIMARY KEY (id);


--
-- Name: socialaccount_socialtoken socialaccount_socialtoken_app_id_account_id_fca4e0ac_uniq; Type: CONSTRAINT; Schema: public; Owner: suho
--

ALTER TABLE ONLY public.socialaccount_socialtoken
    ADD CONSTRAINT socialaccount_socialtoken_app_id_account_id_fca4e0ac_uniq UNIQUE (app_id, account_id);


--
-- Name: socialaccount_socialtoken socialaccount_socialtoken_pkey; Type: CONSTRAINT; Schema: public; Owner: suho
--

ALTER TABLE ONLY public.socialaccount_socialtoken
    ADD CONSTRAINT socialaccount_socialtoken_pkey PRIMARY KEY (id);


--
-- Name: socials_customsocialaccount socials_customsocialaccount_pkey; Type: CONSTRAINT; Schema: public; Owner: suho
--

ALTER TABLE ONLY public.socials_customsocialaccount
    ADD CONSTRAINT socials_customsocialaccount_pkey PRIMARY KEY (id);


--
-- Name: socials_customsocialaccount socials_customsocialaccount_provider_uid_a5152683_uniq; Type: CONSTRAINT; Schema: public; Owner: suho
--

ALTER TABLE ONLY public.socials_customsocialaccount
    ADD CONSTRAINT socials_customsocialaccount_provider_uid_a5152683_uniq UNIQUE (provider, uid);


--
-- Name: token_blacklist_blacklistedtoken token_blacklist_blacklistedtoken_pkey; Type: CONSTRAINT; Schema: public; Owner: suho
--

ALTER TABLE ONLY public.token_blacklist_blacklistedtoken
    ADD CONSTRAINT token_blacklist_blacklistedtoken_pkey PRIMARY KEY (id);


--
-- Name: token_blacklist_blacklistedtoken token_blacklist_blacklistedtoken_token_id_key; Type: CONSTRAINT; Schema: public; Owner: suho
--

ALTER TABLE ONLY public.token_blacklist_blacklistedtoken
    ADD CONSTRAINT token_blacklist_blacklistedtoken_token_id_key UNIQUE (token_id);


--
-- Name: token_blacklist_outstandingtoken token_blacklist_outstandingtoken_jti_hex_d9bdf6f7_uniq; Type: CONSTRAINT; Schema: public; Owner: suho
--

ALTER TABLE ONLY public.token_blacklist_outstandingtoken
    ADD CONSTRAINT token_blacklist_outstandingtoken_jti_hex_d9bdf6f7_uniq UNIQUE (jti);


--
-- Name: token_blacklist_outstandingtoken token_blacklist_outstandingtoken_pkey; Type: CONSTRAINT; Schema: public; Owner: suho
--

ALTER TABLE ONLY public.token_blacklist_outstandingtoken
    ADD CONSTRAINT token_blacklist_outstandingtoken_pkey PRIMARY KEY (id);


--
-- Name: account_emailaddress_email_03be32b2; Type: INDEX; Schema: public; Owner: suho
--

CREATE INDEX account_emailaddress_email_03be32b2 ON public.account_emailaddress USING btree (email);


--
-- Name: account_emailaddress_email_03be32b2_like; Type: INDEX; Schema: public; Owner: suho
--

CREATE INDEX account_emailaddress_email_03be32b2_like ON public.account_emailaddress USING btree (email varchar_pattern_ops);


--
-- Name: account_emailaddress_user_id_2c513194; Type: INDEX; Schema: public; Owner: suho
--

CREATE INDEX account_emailaddress_user_id_2c513194 ON public.account_emailaddress USING btree (user_id);


--
-- Name: account_emailconfirmation_email_address_id_5b7f8c58; Type: INDEX; Schema: public; Owner: suho
--

CREATE INDEX account_emailconfirmation_email_address_id_5b7f8c58 ON public.account_emailconfirmation USING btree (email_address_id);


--
-- Name: account_emailconfirmation_key_f43612bd_like; Type: INDEX; Schema: public; Owner: suho
--

CREATE INDEX account_emailconfirmation_key_f43612bd_like ON public.account_emailconfirmation USING btree (key varchar_pattern_ops);


--
-- Name: accounts_category_name_90d56b88_like; Type: INDEX; Schema: public; Owner: suho
--

CREATE INDEX accounts_category_name_90d56b88_like ON public.accounts_category USING btree (name varchar_pattern_ops);


--
-- Name: accounts_user_categories_category_id_95b370c9; Type: INDEX; Schema: public; Owner: suho
--

CREATE INDEX accounts_user_categories_category_id_95b370c9 ON public.accounts_user_categories USING btree (category_id);


--
-- Name: accounts_user_categories_user_id_140fed6b; Type: INDEX; Schema: public; Owner: suho
--

CREATE INDEX accounts_user_categories_user_id_140fed6b ON public.accounts_user_categories USING btree (user_id);


--
-- Name: accounts_user_email_b2644a56_like; Type: INDEX; Schema: public; Owner: suho
--

CREATE INDEX accounts_user_email_b2644a56_like ON public.accounts_user USING btree (email varchar_pattern_ops);


--
-- Name: accounts_user_groups_group_id_bd11a704; Type: INDEX; Schema: public; Owner: suho
--

CREATE INDEX accounts_user_groups_group_id_bd11a704 ON public.accounts_user_groups USING btree (group_id);


--
-- Name: accounts_user_groups_user_id_52b62117; Type: INDEX; Schema: public; Owner: suho
--

CREATE INDEX accounts_user_groups_user_id_52b62117 ON public.accounts_user_groups USING btree (user_id);


--
-- Name: accounts_user_nickname_a5c16c98_like; Type: INDEX; Schema: public; Owner: suho
--

CREATE INDEX accounts_user_nickname_a5c16c98_like ON public.accounts_user USING btree (nickname varchar_pattern_ops);


--
-- Name: accounts_user_phone_number_af3e1068_like; Type: INDEX; Schema: public; Owner: suho
--

CREATE INDEX accounts_user_phone_number_af3e1068_like ON public.accounts_user USING btree (phone_number varchar_pattern_ops);


--
-- Name: accounts_user_user_permissions_permission_id_113bb443; Type: INDEX; Schema: public; Owner: suho
--

CREATE INDEX accounts_user_user_permissions_permission_id_113bb443 ON public.accounts_user_user_permissions USING btree (permission_id);


--
-- Name: accounts_user_user_permissions_user_id_e4f0a161; Type: INDEX; Schema: public; Owner: suho
--

CREATE INDEX accounts_user_user_permissions_user_id_e4f0a161 ON public.accounts_user_user_permissions USING btree (user_id);


--
-- Name: accounts_user_username_6088629e_like; Type: INDEX; Schema: public; Owner: suho
--

CREATE INDEX accounts_user_username_6088629e_like ON public.accounts_user USING btree (username varchar_pattern_ops);


--
-- Name: auth_group_name_a6ea08ec_like; Type: INDEX; Schema: public; Owner: suho
--

CREATE INDEX auth_group_name_a6ea08ec_like ON public.auth_group USING btree (name varchar_pattern_ops);


--
-- Name: auth_group_permissions_group_id_b120cbf9; Type: INDEX; Schema: public; Owner: suho
--

CREATE INDEX auth_group_permissions_group_id_b120cbf9 ON public.auth_group_permissions USING btree (group_id);


--
-- Name: auth_group_permissions_permission_id_84c5c92e; Type: INDEX; Schema: public; Owner: suho
--

CREATE INDEX auth_group_permissions_permission_id_84c5c92e ON public.auth_group_permissions USING btree (permission_id);


--
-- Name: auth_permission_content_type_id_2f476e4b; Type: INDEX; Schema: public; Owner: suho
--

CREATE INDEX auth_permission_content_type_id_2f476e4b ON public.auth_permission USING btree (content_type_id);


--
-- Name: django_admin_log_content_type_id_c4bce8eb; Type: INDEX; Schema: public; Owner: suho
--

CREATE INDEX django_admin_log_content_type_id_c4bce8eb ON public.django_admin_log USING btree (content_type_id);


--
-- Name: django_admin_log_user_id_c564eba6; Type: INDEX; Schema: public; Owner: suho
--

CREATE INDEX django_admin_log_user_id_c564eba6 ON public.django_admin_log USING btree (user_id);


--
-- Name: django_session_expire_date_a5c62663; Type: INDEX; Schema: public; Owner: suho
--

CREATE INDEX django_session_expire_date_a5c62663 ON public.django_session USING btree (expire_date);


--
-- Name: django_session_session_key_c0390e0f_like; Type: INDEX; Schema: public; Owner: suho
--

CREATE INDEX django_session_session_key_c0390e0f_like ON public.django_session USING btree (session_key varchar_pattern_ops);


--
-- Name: django_site_domain_a2e37b91_like; Type: INDEX; Schema: public; Owner: suho
--

CREATE INDEX django_site_domain_a2e37b91_like ON public.django_site USING btree (domain varchar_pattern_ops);


--
-- Name: socialaccount_socialaccount_user_id_8146e70c; Type: INDEX; Schema: public; Owner: suho
--

CREATE INDEX socialaccount_socialaccount_user_id_8146e70c ON public.socialaccount_socialaccount USING btree (user_id);


--
-- Name: socialaccount_socialapp_sites_site_id_2579dee5; Type: INDEX; Schema: public; Owner: suho
--

CREATE INDEX socialaccount_socialapp_sites_site_id_2579dee5 ON public.socialaccount_socialapp_sites USING btree (site_id);


--
-- Name: socialaccount_socialapp_sites_socialapp_id_97fb6e7d; Type: INDEX; Schema: public; Owner: suho
--

CREATE INDEX socialaccount_socialapp_sites_socialapp_id_97fb6e7d ON public.socialaccount_socialapp_sites USING btree (socialapp_id);


--
-- Name: socialaccount_socialtoken_account_id_951f210e; Type: INDEX; Schema: public; Owner: suho
--

CREATE INDEX socialaccount_socialtoken_account_id_951f210e ON public.socialaccount_socialtoken USING btree (account_id);


--
-- Name: socialaccount_socialtoken_app_id_636a42d7; Type: INDEX; Schema: public; Owner: suho
--

CREATE INDEX socialaccount_socialtoken_app_id_636a42d7 ON public.socialaccount_socialtoken USING btree (app_id);


--
-- Name: socials_customsocialaccount_user_id_5686a232; Type: INDEX; Schema: public; Owner: suho
--

CREATE INDEX socials_customsocialaccount_user_id_5686a232 ON public.socials_customsocialaccount USING btree (user_id);


--
-- Name: token_blacklist_outstandingtoken_jti_hex_d9bdf6f7_like; Type: INDEX; Schema: public; Owner: suho
--

CREATE INDEX token_blacklist_outstandingtoken_jti_hex_d9bdf6f7_like ON public.token_blacklist_outstandingtoken USING btree (jti varchar_pattern_ops);


--
-- Name: token_blacklist_outstandingtoken_user_id_83bc629a; Type: INDEX; Schema: public; Owner: suho
--

CREATE INDEX token_blacklist_outstandingtoken_user_id_83bc629a ON public.token_blacklist_outstandingtoken USING btree (user_id);


--
-- Name: unique_primary_email; Type: INDEX; Schema: public; Owner: suho
--

CREATE UNIQUE INDEX unique_primary_email ON public.account_emailaddress USING btree (user_id, "primary") WHERE "primary";


--
-- Name: unique_verified_email; Type: INDEX; Schema: public; Owner: suho
--

CREATE UNIQUE INDEX unique_verified_email ON public.account_emailaddress USING btree (email) WHERE verified;


--
-- Name: account_emailaddress account_emailaddress_user_id_2c513194_fk_accounts_user_id; Type: FK CONSTRAINT; Schema: public; Owner: suho
--

ALTER TABLE ONLY public.account_emailaddress
    ADD CONSTRAINT account_emailaddress_user_id_2c513194_fk_accounts_user_id FOREIGN KEY (user_id) REFERENCES public.accounts_user(id) DEFERRABLE INITIALLY DEFERRED;


--
-- Name: account_emailconfirmation account_emailconfirm_email_address_id_5b7f8c58_fk_account_e; Type: FK CONSTRAINT; Schema: public; Owner: suho
--

ALTER TABLE ONLY public.account_emailconfirmation
    ADD CONSTRAINT account_emailconfirm_email_address_id_5b7f8c58_fk_account_e FOREIGN KEY (email_address_id) REFERENCES public.account_emailaddress(id) DEFERRABLE INITIALLY DEFERRED;


--
-- Name: accounts_user_categories accounts_user_catego_category_id_95b370c9_fk_accounts_; Type: FK CONSTRAINT; Schema: public; Owner: suho
--

ALTER TABLE ONLY public.accounts_user_categories
    ADD CONSTRAINT accounts_user_catego_category_id_95b370c9_fk_accounts_ FOREIGN KEY (category_id) REFERENCES public.accounts_category(id) DEFERRABLE INITIALLY DEFERRED;


--
-- Name: accounts_user_categories accounts_user_categories_user_id_140fed6b_fk_accounts_user_id; Type: FK CONSTRAINT; Schema: public; Owner: suho
--

ALTER TABLE ONLY public.accounts_user_categories
    ADD CONSTRAINT accounts_user_categories_user_id_140fed6b_fk_accounts_user_id FOREIGN KEY (user_id) REFERENCES public.accounts_user(id) DEFERRABLE INITIALLY DEFERRED;


--
-- Name: accounts_user_groups accounts_user_groups_group_id_bd11a704_fk_auth_group_id; Type: FK CONSTRAINT; Schema: public; Owner: suho
--

ALTER TABLE ONLY public.accounts_user_groups
    ADD CONSTRAINT accounts_user_groups_group_id_bd11a704_fk_auth_group_id FOREIGN KEY (group_id) REFERENCES public.auth_group(id) DEFERRABLE INITIALLY DEFERRED;


--
-- Name: accounts_user_groups accounts_user_groups_user_id_52b62117_fk_accounts_user_id; Type: FK CONSTRAINT; Schema: public; Owner: suho
--

ALTER TABLE ONLY public.accounts_user_groups
    ADD CONSTRAINT accounts_user_groups_user_id_52b62117_fk_accounts_user_id FOREIGN KEY (user_id) REFERENCES public.accounts_user(id) DEFERRABLE INITIALLY DEFERRED;


--
-- Name: accounts_user_user_permissions accounts_user_user_p_permission_id_113bb443_fk_auth_perm; Type: FK CONSTRAINT; Schema: public; Owner: suho
--

ALTER TABLE ONLY public.accounts_user_user_permissions
    ADD CONSTRAINT accounts_user_user_p_permission_id_113bb443_fk_auth_perm FOREIGN KEY (permission_id) REFERENCES public.auth_permission(id) DEFERRABLE INITIALLY DEFERRED;


--
-- Name: accounts_user_user_permissions accounts_user_user_p_user_id_e4f0a161_fk_accounts_; Type: FK CONSTRAINT; Schema: public; Owner: suho
--

ALTER TABLE ONLY public.accounts_user_user_permissions
    ADD CONSTRAINT accounts_user_user_p_user_id_e4f0a161_fk_accounts_ FOREIGN KEY (user_id) REFERENCES public.accounts_user(id) DEFERRABLE INITIALLY DEFERRED;


--
-- Name: auth_group_permissions auth_group_permissio_permission_id_84c5c92e_fk_auth_perm; Type: FK CONSTRAINT; Schema: public; Owner: suho
--

ALTER TABLE ONLY public.auth_group_permissions
    ADD CONSTRAINT auth_group_permissio_permission_id_84c5c92e_fk_auth_perm FOREIGN KEY (permission_id) REFERENCES public.auth_permission(id) DEFERRABLE INITIALLY DEFERRED;


--
-- Name: auth_group_permissions auth_group_permissions_group_id_b120cbf9_fk_auth_group_id; Type: FK CONSTRAINT; Schema: public; Owner: suho
--

ALTER TABLE ONLY public.auth_group_permissions
    ADD CONSTRAINT auth_group_permissions_group_id_b120cbf9_fk_auth_group_id FOREIGN KEY (group_id) REFERENCES public.auth_group(id) DEFERRABLE INITIALLY DEFERRED;


--
-- Name: auth_permission auth_permission_content_type_id_2f476e4b_fk_django_co; Type: FK CONSTRAINT; Schema: public; Owner: suho
--

ALTER TABLE ONLY public.auth_permission
    ADD CONSTRAINT auth_permission_content_type_id_2f476e4b_fk_django_co FOREIGN KEY (content_type_id) REFERENCES public.django_content_type(id) DEFERRABLE INITIALLY DEFERRED;


--
-- Name: django_admin_log django_admin_log_content_type_id_c4bce8eb_fk_django_co; Type: FK CONSTRAINT; Schema: public; Owner: suho
--

ALTER TABLE ONLY public.django_admin_log
    ADD CONSTRAINT django_admin_log_content_type_id_c4bce8eb_fk_django_co FOREIGN KEY (content_type_id) REFERENCES public.django_content_type(id) DEFERRABLE INITIALLY DEFERRED;


--
-- Name: django_admin_log django_admin_log_user_id_c564eba6_fk_accounts_user_id; Type: FK CONSTRAINT; Schema: public; Owner: suho
--

ALTER TABLE ONLY public.django_admin_log
    ADD CONSTRAINT django_admin_log_user_id_c564eba6_fk_accounts_user_id FOREIGN KEY (user_id) REFERENCES public.accounts_user(id) DEFERRABLE INITIALLY DEFERRED;


--
-- Name: socialaccount_socialtoken socialaccount_social_account_id_951f210e_fk_socialacc; Type: FK CONSTRAINT; Schema: public; Owner: suho
--

ALTER TABLE ONLY public.socialaccount_socialtoken
    ADD CONSTRAINT socialaccount_social_account_id_951f210e_fk_socialacc FOREIGN KEY (account_id) REFERENCES public.socialaccount_socialaccount(id) DEFERRABLE INITIALLY DEFERRED;


--
-- Name: socialaccount_socialtoken socialaccount_social_app_id_636a42d7_fk_socialacc; Type: FK CONSTRAINT; Schema: public; Owner: suho
--

ALTER TABLE ONLY public.socialaccount_socialtoken
    ADD CONSTRAINT socialaccount_social_app_id_636a42d7_fk_socialacc FOREIGN KEY (app_id) REFERENCES public.socialaccount_socialapp(id) DEFERRABLE INITIALLY DEFERRED;


--
-- Name: socialaccount_socialapp_sites socialaccount_social_site_id_2579dee5_fk_django_si; Type: FK CONSTRAINT; Schema: public; Owner: suho
--

ALTER TABLE ONLY public.socialaccount_socialapp_sites
    ADD CONSTRAINT socialaccount_social_site_id_2579dee5_fk_django_si FOREIGN KEY (site_id) REFERENCES public.django_site(id) DEFERRABLE INITIALLY DEFERRED;


--
-- Name: socialaccount_socialapp_sites socialaccount_social_socialapp_id_97fb6e7d_fk_socialacc; Type: FK CONSTRAINT; Schema: public; Owner: suho
--

ALTER TABLE ONLY public.socialaccount_socialapp_sites
    ADD CONSTRAINT socialaccount_social_socialapp_id_97fb6e7d_fk_socialacc FOREIGN KEY (socialapp_id) REFERENCES public.socialaccount_socialapp(id) DEFERRABLE INITIALLY DEFERRED;


--
-- Name: socialaccount_socialaccount socialaccount_social_user_id_8146e70c_fk_accounts_; Type: FK CONSTRAINT; Schema: public; Owner: suho
--

ALTER TABLE ONLY public.socialaccount_socialaccount
    ADD CONSTRAINT socialaccount_social_user_id_8146e70c_fk_accounts_ FOREIGN KEY (user_id) REFERENCES public.accounts_user(id) DEFERRABLE INITIALLY DEFERRED;


--
-- Name: socials_customsocialaccount socials_customsocial_user_id_5686a232_fk_accounts_; Type: FK CONSTRAINT; Schema: public; Owner: suho
--

ALTER TABLE ONLY public.socials_customsocialaccount
    ADD CONSTRAINT socials_customsocial_user_id_5686a232_fk_accounts_ FOREIGN KEY (user_id) REFERENCES public.accounts_user(id) DEFERRABLE INITIALLY DEFERRED;


--
-- Name: token_blacklist_blacklistedtoken token_blacklist_blacklistedtoken_token_id_3cc7fe56_fk; Type: FK CONSTRAINT; Schema: public; Owner: suho
--

ALTER TABLE ONLY public.token_blacklist_blacklistedtoken
    ADD CONSTRAINT token_blacklist_blacklistedtoken_token_id_3cc7fe56_fk FOREIGN KEY (token_id) REFERENCES public.token_blacklist_outstandingtoken(id) DEFERRABLE INITIALLY DEFERRED;


--
-- Name: token_blacklist_outstandingtoken token_blacklist_outs_user_id_83bc629a_fk_accounts_; Type: FK CONSTRAINT; Schema: public; Owner: suho
--

ALTER TABLE ONLY public.token_blacklist_outstandingtoken
    ADD CONSTRAINT token_blacklist_outs_user_id_83bc629a_fk_accounts_ FOREIGN KEY (user_id) REFERENCES public.accounts_user(id) DEFERRABLE INITIALLY DEFERRED;


--
-- Name: SCHEMA public; Type: ACL; Schema: -; Owner: pg_database_owner
--

GRANT ALL ON SCHEMA public TO suho;


--
-- PostgreSQL database dump complete
--

